"HouseholdBookID","HouseholderID","Address","IssueDate","Status"
"000000000","00000000000","Số 1 tổ dân phố 7 phường La Khê","2009-04-18","valid"
"000000001","00000000003","Số 2 tổ dân phố 7 phường La Khê","1980-01-16","temporary"
"000000002","00000000004","Số 3 tổ dân phố 7 phường La Khê","1988-10-10","valid"
"000000003","00000000007","Số 4 tổ dân phố 7 phường La Khê","1987-12-26","valid"
"000000004","00000000009","Số 5 tổ dân phố 7 phường La Khê","2023-11-26","temporary"
"000000005","00000000010","Số 6 tổ dân phố 7 phường La Khê","2017-09-30","temporary"
"000000006","00000000011","Số 7 tổ dân phố 7 phường La Khê","1995-11-09","valid"
"000000007","00000000013","Số 8 tổ dân phố 7 phường La Khê","2023-04-11","valid"
"000000008","00000000016","Số 9 tổ dân phố 7 phường La Khê","2012-11-17","valid"
"000000009","00000000017","Số 10 tổ dân phố 7 phường La Khê","2017-12-05","temporary"
"000000010","00000000018","Số 11 tổ dân phố 7 phường La Khê","2022-05-06","valid"
"000000011","00000000021","Số 12 tổ dân phố 7 phường La Khê","1989-08-15","temporary"
"000000012","00000000022","Số 13 tổ dân phố 7 phường La Khê","1988-07-04","temporary"
"000000013","00000000023","Số 14 tổ dân phố 7 phường La Khê","2019-11-13","valid"
"000000014","00000000026","Số 15 tổ dân phố 7 phường La Khê","2002-04-03","valid"
"000000015","00000000028","Số 16 tổ dân phố 7 phường La Khê","1979-05-08","valid"
"000000016","00000000031","Số 17 tổ dân phố 7 phường La Khê","2023-05-13","temporary"
"000000017","00000000032","Số 18 tổ dân phố 7 phường La Khê","2002-10-01","valid"
"000000018","00000000035","Số 19 tổ dân phố 7 phường La Khê","1976-05-13","valid"
"000000019","00000000037","Số 20 tổ dân phố 7 phường La Khê","2014-01-26","valid"
"000000020","00000000038","Số 21 tổ dân phố 7 phường La Khê","2004-05-18","temporary"
"000000021","00000000039","Số 22 tổ dân phố 7 phường La Khê","1992-03-31","temporary"
"000000022","00000000040","Số 23 tổ dân phố 7 phường La Khê","1994-07-31","valid"
"000000023","00000000043","Số 24 tổ dân phố 7 phường La Khê","2017-01-20","valid"
"000000024","00000000045","Số 25 tổ dân phố 7 phường La Khê","2014-07-01","valid"
"000000025","00000000048","Số 26 tổ dân phố 7 phường La Khê","2016-06-24","temporary"
"000000026","00000000049","Số 27 tổ dân phố 7 phường La Khê","1988-12-01","valid"
"000000027","00000000051","Số 28 tổ dân phố 7 phường La Khê","1999-06-06","valid"
"000000028","00000000053","Số 29 tổ dân phố 7 phường La Khê","2004-05-22","valid"
"000000029","00000000056","Số 30 tổ dân phố 7 phường La Khê","1991-02-02","valid"
"000000030","00000000059","Số 31 tổ dân phố 7 phường La Khê","2019-02-12","valid"
"000000031","00000000062","Số 32 tổ dân phố 7 phường La Khê","2022-07-21","valid"
"000000032","00000000064","Số 33 tổ dân phố 7 phường La Khê","2015-07-12","valid"
"000000033","00000000068","Số 34 tổ dân phố 7 phường La Khê","2005-05-12","valid"
"000000034","00000000069","Số 35 tổ dân phố 7 phường La Khê","2004-12-26","temporary"
"000000035","00000000070","Số 36 tổ dân phố 7 phường La Khê","2012-06-25","temporary"
"000000036","00000000071","Số 37 tổ dân phố 7 phường La Khê","1988-10-29","temporary"
"000000037","00000000072","Số 38 tổ dân phố 7 phường La Khê","2024-09-06","temporary"
"000000038","00000000073","Số 39 tổ dân phố 7 phường La Khê","1985-08-28","valid"
"000000039","00000000075","Số 40 tổ dân phố 7 phường La Khê","1993-04-05","temporary"
"000000040","00000000076","Số 41 tổ dân phố 7 phường La Khê","2001-01-12","temporary"
"000000041","00000000077","Số 42 tổ dân phố 7 phường La Khê","1976-03-22","valid"
"000000042","00000000080","Số 43 tổ dân phố 7 phường La Khê","2008-08-21","valid"
"000000043","00000000083","Số 44 tổ dân phố 7 phường La Khê","2008-01-10","temporary"
"000000044","00000000084","Số 45 tổ dân phố 7 phường La Khê","2019-11-14","temporary"
"000000045","00000000085","Số 46 tổ dân phố 7 phường La Khê","1975-08-31","valid"
"000000046","00000000087","Số 47 tổ dân phố 7 phường La Khê","2019-10-10","temporary"
"000000047","00000000088","Số 48 tổ dân phố 7 phường La Khê","2001-09-29","valid"
"000000048","00000000091","Số 49 tổ dân phố 7 phường La Khê","1980-01-31","temporary"
"000000049","00000000092","Số 50 tổ dân phố 7 phường La Khê","1987-12-18","valid"
"000000050","00000000093","Số 51 tổ dân phố 7 phường La Khê","1987-09-05","temporary"
"000000051","00000000094","Số 52 tổ dân phố 7 phường La Khê","2002-01-18","valid"
"000000052","00000000096","Số 53 tổ dân phố 7 phường La Khê","2008-02-27","temporary"
"000000053","00000000097","Số 54 tổ dân phố 7 phường La Khê","1980-06-12","temporary"
"000000054","00000000098","Số 55 tổ dân phố 7 phường La Khê","1993-11-27","temporary"
"000000055","00000000099","Số 56 tổ dân phố 7 phường La Khê","1977-04-18","valid"
"000000056","00000000101","Số 57 tổ dân phố 7 phường La Khê","1985-01-13","temporary"
"000000057","00000000102","Số 58 tổ dân phố 7 phường La Khê","2010-01-06","temporary"
"000000058","00000000103","Số 59 tổ dân phố 7 phường La Khê","1997-12-10","temporary"
"000000059","00000000104","Số 60 tổ dân phố 7 phường La Khê","2022-10-11","valid"
"000000060","00000000107","Số 61 tổ dân phố 7 phường La Khê","2000-12-21","valid"
"000000061","00000000110","Số 62 tổ dân phố 7 phường La Khê","1992-12-31","temporary"
"000000062","00000000111","Số 63 tổ dân phố 7 phường La Khê","2022-01-04","temporary"
"000000063","00000000112","Số 64 tổ dân phố 7 phường La Khê","2023-11-29","temporary"
"000000064","00000000113","Số 65 tổ dân phố 7 phường La Khê","2008-08-30","valid"
"000000065","00000000114","Số 66 tổ dân phố 7 phường La Khê","2003-10-10","valid"
"000000066","00000000116","Số 67 tổ dân phố 7 phường La Khê","1996-07-02","temporary"
"000000067","00000000117","Số 68 tổ dân phố 7 phường La Khê","2024-01-14","temporary"
"000000068","00000000118","Số 69 tổ dân phố 7 phường La Khê","1995-03-06","temporary"
"000000069","00000000119","Số 70 tổ dân phố 7 phường La Khê","2008-06-14","temporary"
"000000070","00000000120","Số 71 tổ dân phố 7 phường La Khê","1994-03-11","temporary"
"000000071","00000000121","Số 72 tổ dân phố 7 phường La Khê","2009-11-08","valid"
"000000072","00000000122","Số 73 tổ dân phố 7 phường La Khê","2018-03-04","temporary"
"000000073","00000000123","Số 74 tổ dân phố 7 phường La Khê","2008-05-20","valid"
"000000074","00000000126","Số 75 tổ dân phố 7 phường La Khê","2016-02-25","valid"
"000000075","00000000129","Số 76 tổ dân phố 7 phường La Khê","1993-12-12","temporary"
"000000076","00000000130","Số 77 tổ dân phố 7 phường La Khê","1996-10-13","temporary"
"000000077","00000000131","Số 78 tổ dân phố 7 phường La Khê","1975-10-29","temporary"
"000000078","00000000132","Số 79 tổ dân phố 7 phường La Khê","2005-08-21","valid"
"000000079","00000000133","Số 80 tổ dân phố 7 phường La Khê","1998-09-05","temporary"
"000000080","00000000134","Số 81 tổ dân phố 7 phường La Khê","1985-11-29","temporary"
"000000081","00000000135","Số 82 tổ dân phố 7 phường La Khê","2004-09-10","temporary"
"000000082","00000000136","Số 83 tổ dân phố 7 phường La Khê","1997-02-23","valid"
"000000083","00000000138","Số 84 tổ dân phố 7 phường La Khê","2010-07-12","valid"
"000000084","00000000141","Số 85 tổ dân phố 7 phường La Khê","1979-07-21","valid"
"000000085","00000000144","Số 86 tổ dân phố 7 phường La Khê","1986-07-16","temporary"
"000000086","00000000145","Số 87 tổ dân phố 7 phường La Khê","1984-08-18","valid"
"000000087","00000000148","Số 88 tổ dân phố 7 phường La Khê","1989-03-12","valid"
"000000088","00000000151","Số 89 tổ dân phố 7 phường La Khê","1991-11-03","valid"
"000000089","00000000153","Số 90 tổ dân phố 7 phường La Khê","1977-10-07","valid"
"000000090","00000000156","Số 91 tổ dân phố 7 phường La Khê","2016-02-29","temporary"
"000000091","00000000157","Số 92 tổ dân phố 7 phường La Khê","2019-09-01","temporary"
"000000092","00000000158","Số 93 tổ dân phố 7 phường La Khê","2007-04-24","valid"
"000000093","00000000159","Số 94 tổ dân phố 7 phường La Khê","1981-01-23","valid"
"000000094","00000000161","Số 95 tổ dân phố 7 phường La Khê","2000-09-15","valid"
"000000095","00000000162","Số 96 tổ dân phố 7 phường La Khê","2007-05-26","temporary"
"000000096","00000000163","Số 97 tổ dân phố 7 phường La Khê","1997-10-25","valid"
"000000097","00000000166","Số 98 tổ dân phố 7 phường La Khê","1980-03-04","valid"
"000000098","00000000169","Số 99 tổ dân phố 7 phường La Khê","2010-01-01","temporary"
"000000099","00000000170","Số 100 tổ dân phố 7 phường La Khê","1995-09-18","valid"
"000000100","00000000171","Số 101 tổ dân phố 7 phường La Khê","1978-10-18","temporary"
"000000101","00000000172","Số 102 tổ dân phố 7 phường La Khê","1986-02-01","temporary"
"000000102","00000000173","Số 103 tổ dân phố 7 phường La Khê","2005-12-03","temporary"
"000000103","00000000174","Số 104 tổ dân phố 7 phường La Khê","2022-03-25","valid"
"000000104","00000000175","Số 105 tổ dân phố 7 phường La Khê","1993-09-05","temporary"
"000000105","00000000176","Số 106 tổ dân phố 7 phường La Khê","1978-06-30","valid"
"000000106","00000000179","Số 107 tổ dân phố 7 phường La Khê","1983-05-10","valid"
"000000107","00000000182","Số 108 tổ dân phố 7 phường La Khê","2000-09-18","valid"
"000000108","00000000185","Số 109 tổ dân phố 7 phường La Khê","1980-04-22","temporary"
"000000109","00000000186","Số 110 tổ dân phố 7 phường La Khê","2018-05-27","valid"
"000000110","00000000189","Số 111 tổ dân phố 7 phường La Khê","2001-02-18","temporary"
"000000111","00000000190","Số 112 tổ dân phố 7 phường La Khê","2021-12-20","temporary"
"000000112","00000000191","Số 113 tổ dân phố 7 phường La Khê","2020-03-06","valid"
"000000113","00000000192","Số 114 tổ dân phố 7 phường La Khê","2018-02-15","temporary"
"000000114","00000000193","Số 115 tổ dân phố 7 phường La Khê","1981-10-04","valid"
"000000115","00000000196","Số 116 tổ dân phố 7 phường La Khê","2017-07-02","temporary"
"000000116","00000000197","Số 117 tổ dân phố 7 phường La Khê","2021-06-27","valid"
"000000117","00000000198","Số 118 tổ dân phố 7 phường La Khê","2000-02-29","valid"
"000000118","00000000199","Số 119 tổ dân phố 7 phường La Khê","1994-06-23","temporary"
"000000119","00000000200","Số 120 tổ dân phố 7 phường La Khê","1978-07-11","valid"
"000000120","00000000201","Số 121 tổ dân phố 7 phường La Khê","1999-10-26","valid"
"000000121","00000000202","Số 122 tổ dân phố 7 phường La Khê","1983-09-15","valid"
"000000122","00000000205","Số 123 tổ dân phố 7 phường La Khê","1981-02-06","temporary"
"000000123","00000000206","Số 124 tổ dân phố 7 phường La Khê","1995-02-19","temporary"
"000000124","00000000207","Số 125 tổ dân phố 7 phường La Khê","2002-10-23","temporary"
"000000125","00000000208","Số 126 tổ dân phố 7 phường La Khê","1975-11-23","valid"
"000000126","00000000209","Số 127 tổ dân phố 7 phường La Khê","2009-04-02","temporary"
"000000127","00000000210","Số 128 tổ dân phố 7 phường La Khê","2009-02-04","temporary"
"000000128","00000000211","Số 129 tổ dân phố 7 phường La Khê","2023-04-11","valid"
"000000129","00000000213","Số 130 tổ dân phố 7 phường La Khê","2022-03-02","temporary"
"000000130","00000000214","Số 131 tổ dân phố 7 phường La Khê","1978-06-21","valid"
"000000131","00000000217","Số 132 tổ dân phố 7 phường La Khê","1991-10-07","temporary"
"000000132","00000000218","Số 133 tổ dân phố 7 phường La Khê","1978-06-24","temporary"
"000000133","00000000219","Số 134 tổ dân phố 7 phường La Khê","2009-03-20","valid"
"000000134","00000000221","Số 135 tổ dân phố 7 phường La Khê","2008-09-16","temporary"
"000000135","00000000222","Số 136 tổ dân phố 7 phường La Khê","1996-06-10","valid"
"000000136","00000000225","Số 137 tổ dân phố 7 phường La Khê","1996-05-17","temporary"
"000000137","00000000226","Số 138 tổ dân phố 7 phường La Khê","1998-02-13","valid"
"000000138","00000000228","Số 139 tổ dân phố 7 phường La Khê","2023-03-22","valid"
"000000139","00000000230","Số 140 tổ dân phố 7 phường La Khê","2005-03-04","valid"
"000000140","00000000234","Số 141 tổ dân phố 7 phường La Khê","1989-06-10","valid"
"000000141","00000000237","Số 142 tổ dân phố 7 phường La Khê","1977-12-23","temporary"
"000000142","00000000238","Số 143 tổ dân phố 7 phường La Khê","2016-09-19","temporary"
"000000143","00000000239","Số 144 tổ dân phố 7 phường La Khê","1988-06-16","valid"
"000000144","00000000240","Số 145 tổ dân phố 7 phường La Khê","1997-11-03","valid"
"000000145","00000000243","Số 146 tổ dân phố 7 phường La Khê","1993-04-09","temporary"
"000000146","00000000244","Số 147 tổ dân phố 7 phường La Khê","2009-10-20","temporary"
"000000147","00000000245","Số 148 tổ dân phố 7 phường La Khê","2002-02-11","valid"
"000000148","00000000248","Số 149 tổ dân phố 7 phường La Khê","1998-09-09","valid"
"000000149","00000000252","Số 150 tổ dân phố 7 phường La Khê","2018-06-07","temporary"
"000000150","00000000253","Số 151 tổ dân phố 7 phường La Khê","2005-04-30","temporary"
"000000151","00000000254","Số 152 tổ dân phố 7 phường La Khê","2003-03-20","temporary"
"000000152","00000000255","Số 153 tổ dân phố 7 phường La Khê","1994-06-15","valid"
"000000153","00000000257","Số 154 tổ dân phố 7 phường La Khê","2021-12-07","temporary"
"000000154","00000000258","Số 155 tổ dân phố 7 phường La Khê","1983-02-04","temporary"
"000000155","00000000259","Số 156 tổ dân phố 7 phường La Khê","1993-06-04","temporary"
"000000156","00000000260","Số 157 tổ dân phố 7 phường La Khê","2016-12-18","temporary"
"000000157","00000000261","Số 158 tổ dân phố 7 phường La Khê","1995-02-24","valid"
"000000158","00000000263","Số 159 tổ dân phố 7 phường La Khê","1977-11-04","valid"
"000000159","00000000266","Số 160 tổ dân phố 7 phường La Khê","2024-04-30","valid"
"000000160","00000000267","Số 161 tổ dân phố 7 phường La Khê","2004-09-29","temporary"
"000000161","00000000268","Số 162 tổ dân phố 7 phường La Khê","2003-08-22","valid"
"000000162","00000000270","Số 163 tổ dân phố 7 phường La Khê","1994-11-05","temporary"
"000000163","00000000271","Số 164 tổ dân phố 7 phường La Khê","2018-12-27","temporary"
"000000164","00000000272","Số 165 tổ dân phố 7 phường La Khê","2023-09-18","valid"
"000000165","00000000276","Số 166 tổ dân phố 7 phường La Khê","2004-06-28","valid"
"000000166","00000000277","Số 167 tổ dân phố 7 phường La Khê","1978-08-07","valid"
"000000167","00000000280","Số 168 tổ dân phố 7 phường La Khê","1993-05-08","valid"
"000000168","00000000282","Số 169 tổ dân phố 7 phường La Khê","2019-11-22","valid"
"000000169","00000000286","Số 170 tổ dân phố 7 phường La Khê","2017-05-17","valid"
"000000170","00000000288","Số 171 tổ dân phố 7 phường La Khê","1979-10-20","valid"
"000000171","00000000290","Số 172 tổ dân phố 7 phường La Khê","1986-02-06","valid"
"000000172","00000000293","Số 173 tổ dân phố 7 phường La Khê","2022-09-04","valid"
"000000173","00000000294","Số 174 tổ dân phố 7 phường La Khê","1996-05-18","valid"
"000000174","00000000295","Số 175 tổ dân phố 7 phường La Khê","1983-10-03","valid"
"000000175","00000000298","Số 176 tổ dân phố 7 phường La Khê","2013-11-15","valid"
"000000176","00000000301","Số 177 tổ dân phố 7 phường La Khê","1976-12-03","valid"
"000000177","00000000302","Số 178 tổ dân phố 7 phường La Khê","2004-09-07","valid"
"000000178","00000000304","Số 179 tổ dân phố 7 phường La Khê","1986-10-21","valid"
"000000179","00000000306","Số 180 tổ dân phố 7 phường La Khê","1990-04-10","valid"
"000000180","00000000309","Số 181 tổ dân phố 7 phường La Khê","1990-10-28","valid"
"000000181","00000000311","Số 182 tổ dân phố 7 phường La Khê","2019-01-24","valid"
"000000182","00000000315","Số 183 tổ dân phố 7 phường La Khê","2011-11-01","valid"
"000000183","00000000317","Số 184 tổ dân phố 7 phường La Khê","2022-07-08","valid"
"000000184","00000000320","Số 185 tổ dân phố 7 phường La Khê","1998-07-01","valid"
"000000185","00000000322","Số 186 tổ dân phố 7 phường La Khê","1994-10-10","valid"
"000000186","00000000324","Số 187 tổ dân phố 7 phường La Khê","2003-05-02","valid"
"000000187","00000000327","Số 188 tổ dân phố 7 phường La Khê","2023-05-30","valid"
"000000188","00000000329","Số 189 tổ dân phố 7 phường La Khê","1988-02-05","valid"
"000000189","00000000331","Số 190 tổ dân phố 7 phường La Khê","2019-10-04","valid"
"000000190","00000000333","Số 191 tổ dân phố 7 phường La Khê","1989-11-04","valid"
"000000191","00000000335","Số 192 tổ dân phố 7 phường La Khê","1982-12-16","valid"
"000000192","00000000336","Số 193 tổ dân phố 7 phường La Khê","2000-06-04","valid"
"000000193","00000000338","Số 194 tổ dân phố 7 phường La Khê","2013-12-26","valid"
"000000194","00000000341","Số 195 tổ dân phố 7 phường La Khê","1993-12-31","valid"
"000000195","00000000343","Số 196 tổ dân phố 7 phường La Khê","2005-04-14","valid"
"000000196","00000000345","Số 197 tổ dân phố 7 phường La Khê","1989-11-23","valid"
"000000197","00000000348","Số 198 tổ dân phố 7 phường La Khê","1996-08-17","valid"
"000000198","00000000350","Số 199 tổ dân phố 7 phường La Khê","1980-08-20","valid"
"000000199","00000000353","Số 200 tổ dân phố 7 phường La Khê","1998-10-12","valid"
"000000200","00000000356","Số 201 tổ dân phố 7 phường La Khê","2018-01-01","valid"
"000000201","00000000357","Số 202 tổ dân phố 7 phường La Khê","2000-03-03","valid"
"000000202","00000000359","Số 203 tổ dân phố 7 phường La Khê","1985-09-15","valid"
"000000203","00000000362","Số 204 tổ dân phố 7 phường La Khê","1991-01-15","valid"
"000000204","00000000364","Số 205 tổ dân phố 7 phường La Khê","1991-10-24","valid"
"000000205","00000000366","Số 206 tổ dân phố 7 phường La Khê","1985-08-14","valid"
"000000206","00000000368","Số 207 tổ dân phố 7 phường La Khê","1975-03-08","valid"
"000000207","00000000372","Số 208 tổ dân phố 7 phường La Khê","1992-03-09","valid"
"000000208","00000000373","Số 209 tổ dân phố 7 phường La Khê","1981-03-30","valid"
"000000209","00000000375","Số 210 tổ dân phố 7 phường La Khê","2022-07-14","valid"
"000000210","00000000377","Số 211 tổ dân phố 7 phường La Khê","2000-03-10","valid"
"000000211","00000000379","Số 212 tổ dân phố 7 phường La Khê","1987-03-31","valid"
"000000212","00000000381","Số 213 tổ dân phố 7 phường La Khê","1991-03-07","valid"
"000000213","00000000385","Số 214 tổ dân phố 7 phường La Khê","2022-03-31","valid"
"000000214","00000000387","Số 215 tổ dân phố 7 phường La Khê","2005-05-18","valid"
"000000215","00000000390","Số 216 tổ dân phố 7 phường La Khê","2013-07-23","valid"
"000000216","00000000392","Số 217 tổ dân phố 7 phường La Khê","1992-05-12","valid"
"000000217","00000000395","Số 218 tổ dân phố 7 phường La Khê","2017-11-21","valid"
"000000218","00000000396","Số 219 tổ dân phố 7 phường La Khê","1993-01-28","valid"
"000000219","00000000400","Số 220 tổ dân phố 7 phường La Khê","2020-05-14","valid"
"000000220","00000000401","Số 221 tổ dân phố 7 phường La Khê","1984-06-25","valid"
"000000221","00000000404","Số 222 tổ dân phố 7 phường La Khê","1982-12-14","valid"
"000000222","00000000407","Số 223 tổ dân phố 7 phường La Khê","1982-11-07","valid"
"000000223","00000000409","Số 224 tổ dân phố 7 phường La Khê","1981-11-11","valid"
"000000224","00000000412","Số 225 tổ dân phố 7 phường La Khê","1980-07-27","valid"
"000000225","00000000414","Số 226 tổ dân phố 7 phường La Khê","2000-11-01","valid"
"000000226","00000000416","Số 227 tổ dân phố 7 phường La Khê","2024-03-19","valid"
"000000227","00000000418","Số 228 tổ dân phố 7 phường La Khê","1987-03-24","valid"
"000000228","00000000419","Số 229 tổ dân phố 7 phường La Khê","1982-10-23","valid"
"000000229","00000000422","Số 230 tổ dân phố 7 phường La Khê","1980-08-10","valid"
"000000230","00000000424","Số 231 tổ dân phố 7 phường La Khê","2021-10-21","valid"
"000000231","00000000426","Số 232 tổ dân phố 7 phường La Khê","1984-02-04","valid"
"000000232","00000000427","Số 233 tổ dân phố 7 phường La Khê","1975-08-28","valid"
"000000233","00000000429","Số 234 tổ dân phố 7 phường La Khê","1982-09-06","valid"
"000000234","00000000432","Số 235 tổ dân phố 7 phường La Khê","1993-06-15","valid"
"000000235","00000000436","Số 236 tổ dân phố 7 phường La Khê","2000-01-21","valid"
"000000236","00000000439","Số 237 tổ dân phố 7 phường La Khê","1990-11-14","valid"
"000000237","00000000440","Số 238 tổ dân phố 7 phường La Khê","1978-04-24","valid"
"000000238","00000000442","Số 239 tổ dân phố 7 phường La Khê","2008-03-22","valid"
"000000239","00000000444","Số 240 tổ dân phố 7 phường La Khê","2004-07-30","valid"
"000000240","00000000445","Số 241 tổ dân phố 7 phường La Khê","1987-10-05","valid"
"000000241","00000000446","Số 242 tổ dân phố 7 phường La Khê","1978-07-25","valid"
"000000242","00000000447","Số 243 tổ dân phố 7 phường La Khê","1996-02-25","valid"
"000000243","00000000448","Số 244 tổ dân phố 7 phường La Khê","2024-10-07","valid"
"000000244","00000000450","Số 245 tổ dân phố 7 phường La Khê","2013-04-24","valid"
"000000245","00000000451","Số 246 tổ dân phố 7 phường La Khê","1983-03-27","valid"
"000000246","00000000455","Số 247 tổ dân phố 7 phường La Khê","2010-03-24","valid"
"000000247","00000000457","Số 248 tổ dân phố 7 phường La Khê","1998-12-18","valid"
"000000248","00000000458","Số 249 tổ dân phố 7 phường La Khê","1995-01-14","valid"
"000000249","00000000461","Số 250 tổ dân phố 7 phường La Khê","2013-11-08","valid"
"000000250","00000000464","Số 251 tổ dân phố 7 phường La Khê","1985-09-27","valid"
"000000251","00000000466","Số 252 tổ dân phố 7 phường La Khê","2009-12-19","valid"
"000000252","00000000467","Số 253 tổ dân phố 7 phường La Khê","1989-05-20","valid"
"000000253","00000000471","Số 254 tổ dân phố 7 phường La Khê","1984-03-03","valid"
"000000254","00000000473","Số 255 tổ dân phố 7 phường La Khê","1989-03-26","valid"
"000000255","00000000475","Số 256 tổ dân phố 7 phường La Khê","2006-02-08","valid"
"000000256","00000000477","Số 257 tổ dân phố 7 phường La Khê","2015-07-27","valid"
"000000257","00000000480","Số 258 tổ dân phố 7 phường La Khê","1976-06-17","valid"
"000000258","00000000481","Số 259 tổ dân phố 7 phường La Khê","1983-08-12","valid"
"000000259","00000000482","Số 260 tổ dân phố 7 phường La Khê","2013-12-27","valid"
"000000260","00000000483","Số 261 tổ dân phố 7 phường La Khê","2023-02-06","valid"
"000000261","00000000485","Số 262 tổ dân phố 7 phường La Khê","1982-01-08","valid"
"000000262","00000000488","Số 263 tổ dân phố 7 phường La Khê","2008-02-08","valid"
"000000263","00000000490","Số 264 tổ dân phố 7 phường La Khê","2001-11-07","valid"
"000000264","00000000492","Số 265 tổ dân phố 7 phường La Khê","2005-10-26","valid"
"000000265","00000000495","Số 266 tổ dân phố 7 phường La Khê","1989-12-07","valid"
"000000266","00000000499","Số 267 tổ dân phố 7 phường La Khê","1982-10-16","valid"
"000000267","00000000501","Số 268 tổ dân phố 7 phường La Khê","2017-03-17","valid"
"000000268","00000000502","Số 269 tổ dân phố 7 phường La Khê","2020-06-09","valid"
"000000269","00000000504","Số 270 tổ dân phố 7 phường La Khê","1977-07-08","valid"
"000000270","00000000507","Số 271 tổ dân phố 7 phường La Khê","2004-08-12","valid"
"000000271","00000000510","Số 272 tổ dân phố 7 phường La Khê","2020-02-02","valid"
"000000272","00000000513","Số 273 tổ dân phố 7 phường La Khê","1987-03-21","valid"
"000000273","00000000516","Số 274 tổ dân phố 7 phường La Khê","2008-06-05","valid"
"000000274","00000000518","Số 275 tổ dân phố 7 phường La Khê","1997-03-15","valid"
"000000275","00000000520","Số 276 tổ dân phố 7 phường La Khê","2012-07-17","valid"
"000000276","00000000522","Số 277 tổ dân phố 7 phường La Khê","2024-05-12","valid"
"000000277","00000000524","Số 278 tổ dân phố 7 phường La Khê","1990-02-13","valid"
"000000278","00000000525","Số 279 tổ dân phố 7 phường La Khê","2014-07-04","valid"
"000000279","00000000528","Số 280 tổ dân phố 7 phường La Khê","1998-03-26","valid"
"000000280","00000000530","Số 281 tổ dân phố 7 phường La Khê","2005-09-08","valid"
"000000281","00000000533","Số 282 tổ dân phố 7 phường La Khê","1986-03-07","valid"
"000000282","00000000536","Số 283 tổ dân phố 7 phường La Khê","1988-11-22","valid"
"000000283","00000000540","Số 284 tổ dân phố 7 phường La Khê","2018-09-19","valid"
"000000284","00000000542","Số 285 tổ dân phố 7 phường La Khê","1996-10-01","valid"
"000000285","00000000545","Số 286 tổ dân phố 7 phường La Khê","2006-12-31","valid"
"000000286","00000000548","Số 287 tổ dân phố 7 phường La Khê","2011-07-08","valid"
"000000287","00000000551","Số 288 tổ dân phố 7 phường La Khê","2001-03-04","valid"
"000000288","00000000553","Số 289 tổ dân phố 7 phường La Khê","1979-05-02","valid"
"000000289","00000000555","Số 290 tổ dân phố 7 phường La Khê","1979-10-08","valid"
"000000290","00000000558","Số 291 tổ dân phố 7 phường La Khê","1995-03-26","valid"
"000000291","00000000560","Số 292 tổ dân phố 7 phường La Khê","2008-03-26","valid"
"000000292","00000000561","Số 293 tổ dân phố 7 phường La Khê","1986-01-15","valid"
"000000293","00000000563","Số 294 tổ dân phố 7 phường La Khê","2014-02-25","valid"
"000000294","00000000564","Số 295 tổ dân phố 7 phường La Khê","1988-05-29","valid"
"000000295","00000000567","Số 296 tổ dân phố 7 phường La Khê","2014-07-02","valid"
"000000296","00000000569","Số 297 tổ dân phố 7 phường La Khê","1978-12-05","valid"
"000000297","00000000571","Số 298 tổ dân phố 7 phường La Khê","2011-02-04","valid"
"000000298","00000000575","Số 299 tổ dân phố 7 phường La Khê","2015-04-12","valid"
"000000299","00000000577","Số 300 tổ dân phố 7 phường La Khê","1980-10-06","valid"
"000000300","00000000580","Số 301 tổ dân phố 7 phường La Khê","1990-06-02","valid"
"000000301","00000000582","Số 302 tổ dân phố 7 phường La Khê","2023-08-19","valid"
"000000302","00000000586","Số 303 tổ dân phố 7 phường La Khê","2005-03-24","valid"
"000000303","00000000588","Số 304 tổ dân phố 7 phường La Khê","2000-11-16","valid"
"000000304","00000000591","Số 305 tổ dân phố 7 phường La Khê","2009-08-28","valid"
"000000305","00000000593","Số 306 tổ dân phố 7 phường La Khê","1989-11-18","valid"
"000000306","00000000596","Số 307 tổ dân phố 7 phường La Khê","2001-07-22","valid"
"000000307","00000000598","Số 308 tổ dân phố 7 phường La Khê","2001-04-25","valid"
"000000308","00000000601","Số 309 tổ dân phố 7 phường La Khê","1993-08-27","valid"
"000000309","00000000604","Số 310 tổ dân phố 7 phường La Khê","1999-05-03","valid"
"000000310","00000000607","Số 311 tổ dân phố 7 phường La Khê","2008-11-16","valid"
"000000311","00000000610","Số 312 tổ dân phố 7 phường La Khê","1990-02-24","valid"
"000000312","00000000613","Số 313 tổ dân phố 7 phường La Khê","2007-05-26","valid"
"000000313","00000000617","Số 314 tổ dân phố 7 phường La Khê","1977-02-11","valid"
"000000314","00000000619","Số 315 tổ dân phố 7 phường La Khê","1987-03-08","valid"
"000000315","00000000622","Số 316 tổ dân phố 7 phường La Khê","2023-11-13","valid"
"000000316","00000000623","Số 317 tổ dân phố 7 phường La Khê","1997-05-08","valid"
"000000317","00000000625","Số 318 tổ dân phố 7 phường La Khê","1980-01-05","valid"
"000000318","00000000628","Số 319 tổ dân phố 7 phường La Khê","2013-05-02","valid"
"000000319","00000000630","Số 320 tổ dân phố 7 phường La Khê","2013-05-18","valid"
"000000320","00000000632","Số 321 tổ dân phố 7 phường La Khê","1985-05-09","valid"
"000000321","00000000635","Số 322 tổ dân phố 7 phường La Khê","1975-07-13","valid"
"000000322","00000000638","Số 323 tổ dân phố 7 phường La Khê","2017-01-15","valid"
"000000323","00000000641","Số 324 tổ dân phố 7 phường La Khê","1984-10-03","valid"
"000000324","00000000642","Số 325 tổ dân phố 7 phường La Khê","2005-05-05","valid"
"000000325","00000000643","Số 326 tổ dân phố 7 phường La Khê","1989-11-07","valid"
"000000326","00000000647","Số 327 tổ dân phố 7 phường La Khê","1998-07-22","valid"
"000000327","00000000649","Số 328 tổ dân phố 7 phường La Khê","1991-05-19","valid"
"000000328","00000000652","Số 329 tổ dân phố 7 phường La Khê","1997-07-17","valid"
"000000329","00000000653","Số 330 tổ dân phố 7 phường La Khê","1980-03-04","valid"
"000000330","00000000656","Số 331 tổ dân phố 7 phường La Khê","2003-07-24","valid"
"000000331","00000000660","Số 332 tổ dân phố 7 phường La Khê","2011-04-22","valid"
"000000332","00000000663","Số 333 tổ dân phố 7 phường La Khê","2016-04-06","valid"
"000000333","00000000666","Số 334 tổ dân phố 7 phường La Khê","1994-06-13","valid"
"000000334","00000000669","Số 335 tổ dân phố 7 phường La Khê","2009-09-08","valid"
"000000335","00000000671","Số 336 tổ dân phố 7 phường La Khê","1999-07-06","valid"
"000000336","00000000673","Số 337 tổ dân phố 7 phường La Khê","1994-08-30","valid"
"000000337","00000000675","Số 338 tổ dân phố 7 phường La Khê","1975-04-05","valid"
"000000338","00000000677","Số 339 tổ dân phố 7 phường La Khê","2008-03-03","valid"
"000000339","00000000680","Số 340 tổ dân phố 7 phường La Khê","1984-08-19","valid"
"000000340","00000000682","Số 341 tổ dân phố 7 phường La Khê","2005-06-23","valid"
"000000341","00000000684","Số 342 tổ dân phố 7 phường La Khê","1987-10-12","valid"
"000000342","00000000686","Số 343 tổ dân phố 7 phường La Khê","2005-08-26","valid"
"000000343","00000000688","Số 344 tổ dân phố 7 phường La Khê","2021-04-02","valid"
"000000344","00000000691","Số 345 tổ dân phố 7 phường La Khê","2010-09-08","valid"
"000000345","00000000694","Số 346 tổ dân phố 7 phường La Khê","1979-08-28","valid"
"000000346","00000000697","Số 347 tổ dân phố 7 phường La Khê","1997-11-19","valid"
"000000347","00000000699","Số 348 tổ dân phố 7 phường La Khê","1997-11-01","valid"
"000000348","00000000701","Số 349 tổ dân phố 7 phường La Khê","2014-08-17","valid"
"000000349","00000000704","Số 350 tổ dân phố 7 phường La Khê","1994-05-15","valid"
"000000350","00000000706","Số 351 tổ dân phố 7 phường La Khê","1992-09-23","valid"
"000000351","00000000709","Số 352 tổ dân phố 7 phường La Khê","2020-09-03","valid"
"000000352","00000000711","Số 353 tổ dân phố 7 phường La Khê","2022-01-04","valid"
"000000353","00000000713","Số 354 tổ dân phố 7 phường La Khê","1981-05-13","valid"
"000000354","00000000715","Số 355 tổ dân phố 7 phường La Khê","1993-01-05","valid"
"000000355","00000000718","Số 356 tổ dân phố 7 phường La Khê","2009-04-19","valid"
"000000356","00000000722","Số 357 tổ dân phố 7 phường La Khê","2002-09-02","valid"
"000000357","00000000724","Số 358 tổ dân phố 7 phường La Khê","2002-06-21","valid"
"000000358","00000000727","Số 359 tổ dân phố 7 phường La Khê","1981-09-27","valid"
"000000359","00000000731","Số 360 tổ dân phố 7 phường La Khê","1988-09-23","valid"
"000000360","00000000732","Số 361 tổ dân phố 7 phường La Khê","2001-02-21","valid"
"000000361","00000000734","Số 362 tổ dân phố 7 phường La Khê","2005-01-01","valid"
"000000362","00000000736","Số 363 tổ dân phố 7 phường La Khê","1987-11-23","valid"
"000000363","00000000740","Số 364 tổ dân phố 7 phường La Khê","2014-11-28","valid"
"000000364","00000000743","Số 365 tổ dân phố 7 phường La Khê","1988-03-15","valid"
"000000365","00000000745","Số 366 tổ dân phố 7 phường La Khê","2010-01-15","valid"
"000000366","00000000747","Số 367 tổ dân phố 7 phường La Khê","2006-12-17","valid"
"000000367","00000000750","Số 368 tổ dân phố 7 phường La Khê","1993-12-21","valid"
"000000368","00000000751","Số 369 tổ dân phố 7 phường La Khê","1996-02-14","valid"
"000000369","00000000754","Số 370 tổ dân phố 7 phường La Khê","1989-08-21","valid"
"000000370","00000000757","Số 371 tổ dân phố 7 phường La Khê","1987-10-12","valid"
"000000371","00000000759","Số 372 tổ dân phố 7 phường La Khê","1985-02-09","valid"
"000000372","00000000762","Số 373 tổ dân phố 7 phường La Khê","1993-03-20","valid"
"000000373","00000000765","Số 374 tổ dân phố 7 phường La Khê","2021-12-01","valid"
"000000374","00000000768","Số 375 tổ dân phố 7 phường La Khê","2003-08-20","valid"
"000000375","00000000769","Số 376 tổ dân phố 7 phường La Khê","2021-09-19","valid"
"000000376","00000000771","Số 377 tổ dân phố 7 phường La Khê","2018-03-22","valid"
"000000377","00000000773","Số 378 tổ dân phố 7 phường La Khê","2020-06-06","valid"
"000000378","00000000775","Số 379 tổ dân phố 7 phường La Khê","2005-02-22","valid"
"000000379","00000000778","Số 380 tổ dân phố 7 phường La Khê","1989-07-28","valid"
"000000380","00000000781","Số 381 tổ dân phố 7 phường La Khê","1975-05-09","valid"
"000000381","00000000784","Số 382 tổ dân phố 7 phường La Khê","1990-08-26","valid"
"000000382","00000000785","Số 383 tổ dân phố 7 phường La Khê","1981-01-27","valid"
"000000383","00000000787","Số 384 tổ dân phố 7 phường La Khê","2009-02-03","valid"
"000000384","00000000790","Số 385 tổ dân phố 7 phường La Khê","1997-06-05","valid"
"000000385","00000000794","Số 386 tổ dân phố 7 phường La Khê","2013-06-07","valid"
"000000386","00000000796","Số 387 tổ dân phố 7 phường La Khê","2007-05-17","valid"
"000000387","00000000797","Số 388 tổ dân phố 7 phường La Khê","1997-05-11","valid"
"000000388","00000000799","Số 389 tổ dân phố 7 phường La Khê","1987-08-09","valid"
"000000389","00000000800","Số 390 tổ dân phố 7 phường La Khê","2019-08-22","valid"
"000000390","00000000803","Số 391 tổ dân phố 7 phường La Khê","1994-09-23","valid"
"000000391","00000000805","Số 392 tổ dân phố 7 phường La Khê","1994-09-11","valid"
"000000392","00000000808","Số 393 tổ dân phố 7 phường La Khê","1986-10-30","valid"
"000000393","00000000810","Số 394 tổ dân phố 7 phường La Khê","1991-11-25","valid"
"000000394","00000000813","Số 395 tổ dân phố 7 phường La Khê","2004-11-10","valid"
"000000395","00000000815","Số 396 tổ dân phố 7 phường La Khê","1979-09-02","valid"
"000000396","00000000816","Số 397 tổ dân phố 7 phường La Khê","2015-08-13","valid"
"000000397","00000000819","Số 398 tổ dân phố 7 phường La Khê","1986-08-05","valid"
"000000398","00000000822","Số 399 tổ dân phố 7 phường La Khê","1985-11-23","valid"
"000000399","00000000823","Số 400 tổ dân phố 7 phường La Khê","1976-02-23","valid"
"000000400","00000000825","Số 401 tổ dân phố 7 phường La Khê","1995-10-07","valid"
"000000401","00000000826","Số 402 tổ dân phố 7 phường La Khê","1996-01-12","valid"
"000000402","00000000830","Số 403 tổ dân phố 7 phường La Khê","2023-12-03","valid"
"000000403","00000000834","Số 404 tổ dân phố 7 phường La Khê","2008-08-09","valid"
"000000404","00000000838","Số 405 tổ dân phố 7 phường La Khê","2002-02-22","valid"
"000000405","00000000841","Số 406 tổ dân phố 7 phường La Khê","2019-10-18","valid"
"000000406","00000000844","Số 407 tổ dân phố 7 phường La Khê","1992-02-17","valid"
"000000407","00000000847","Số 408 tổ dân phố 7 phường La Khê","1996-08-06","valid"
"000000408","00000000850","Số 409 tổ dân phố 7 phường La Khê","1981-05-04","valid"
"000000409","00000000852","Số 410 tổ dân phố 7 phường La Khê","2004-04-25","valid"
"000000410","00000000854","Số 411 tổ dân phố 7 phường La Khê","1975-04-30","valid"
"000000411","00000000857","Số 412 tổ dân phố 7 phường La Khê","1990-01-14","valid"
"000000412","00000000859","Số 413 tổ dân phố 7 phường La Khê","2007-06-04","valid"
"000000413","00000000862","Số 414 tổ dân phố 7 phường La Khê","1991-03-09","valid"
"000000414","00000000865","Số 415 tổ dân phố 7 phường La Khê","1985-10-05","valid"
"000000415","00000000868","Số 416 tổ dân phố 7 phường La Khê","2019-06-01","valid"
"000000416","00000000869","Số 417 tổ dân phố 7 phường La Khê","1976-07-09","valid"
"000000417","00000000872","Số 418 tổ dân phố 7 phường La Khê","2023-07-28","valid"
"000000418","00000000873","Số 419 tổ dân phố 7 phường La Khê","1983-08-23","valid"
"000000419","00000000876","Số 420 tổ dân phố 7 phường La Khê","2021-04-25","valid"
"000000420","00000000878","Số 421 tổ dân phố 7 phường La Khê","1981-03-16","valid"
"000000421","00000000879","Số 422 tổ dân phố 7 phường La Khê","2014-01-04","valid"
"000000422","00000000881","Số 423 tổ dân phố 7 phường La Khê","1981-08-07","valid"
"000000423","00000000883","Số 424 tổ dân phố 7 phường La Khê","1978-03-27","valid"
"000000424","00000000886","Số 425 tổ dân phố 7 phường La Khê","1997-05-25","valid"
"000000425","00000000889","Số 426 tổ dân phố 7 phường La Khê","1987-10-27","valid"
"000000426","00000000893","Số 427 tổ dân phố 7 phường La Khê","1994-09-10","valid"
"000000427","00000000895","Số 428 tổ dân phố 7 phường La Khê","2010-06-01","valid"
"000000428","00000000897","Số 429 tổ dân phố 7 phường La Khê","2011-04-24","valid"
"000000429","00000000900","Số 430 tổ dân phố 7 phường La Khê","1990-11-25","valid"
"000000430","00000000903","Số 431 tổ dân phố 7 phường La Khê","2018-01-13","valid"
"000000431","00000000906","Số 432 tổ dân phố 7 phường La Khê","2000-05-18","valid"
"000000432","00000000907","Số 433 tổ dân phố 7 phường La Khê","2002-04-14","valid"
"000000433","00000000909","Số 434 tổ dân phố 7 phường La Khê","1976-10-21","valid"
"000000434","00000000912","Số 435 tổ dân phố 7 phường La Khê","1985-12-05","valid"
"000000435","00000000915","Số 436 tổ dân phố 7 phường La Khê","1986-05-14","valid"
"000000436","00000000916","Số 437 tổ dân phố 7 phường La Khê","2003-02-21","valid"
"000000437","00000000919","Số 438 tổ dân phố 7 phường La Khê","2021-07-01","valid"
"000000438","00000000923","Số 439 tổ dân phố 7 phường La Khê","2014-12-26","valid"
"000000439","00000000926","Số 440 tổ dân phố 7 phường La Khê","2001-06-22","valid"
"000000440","00000000928","Số 441 tổ dân phố 7 phường La Khê","1975-12-14","valid"
"000000441","00000000931","Số 442 tổ dân phố 7 phường La Khê","1979-11-06","valid"
"000000442","00000000935","Số 443 tổ dân phố 7 phường La Khê","2009-05-01","valid"
"000000443","00000000938","Số 444 tổ dân phố 7 phường La Khê","1979-07-06","valid"
"000000444","00000000941","Số 445 tổ dân phố 7 phường La Khê","1996-01-25","valid"
"000000445","00000000942","Số 446 tổ dân phố 7 phường La Khê","1976-02-04","valid"
"000000446","00000000945","Số 447 tổ dân phố 7 phường La Khê","1993-04-06","valid"
"000000447","00000000947","Số 448 tổ dân phố 7 phường La Khê","1990-02-20","valid"
"000000448","00000000950","Số 449 tổ dân phố 7 phường La Khê","2017-11-17","valid"
"000000449","00000000952","Số 450 tổ dân phố 7 phường La Khê","2006-03-06","valid"
"000000450","00000000956","Số 451 tổ dân phố 7 phường La Khê","1980-12-17","valid"
"000000451","00000000958","Số 452 tổ dân phố 7 phường La Khê","1993-08-04","valid"
"000000452","00000000959","Số 453 tổ dân phố 7 phường La Khê","1989-03-20","valid"
"000000453","00000000960","Số 454 tổ dân phố 7 phường La Khê","2020-08-14","valid"
"000000454","00000000964","Số 455 tổ dân phố 7 phường La Khê","1985-09-03","valid"
"000000455","00000000967","Số 456 tổ dân phố 7 phường La Khê","2012-03-10","valid"
"000000456","00000000968","Số 457 tổ dân phố 7 phường La Khê","1995-04-26","valid"
"000000457","00000000970","Số 458 tổ dân phố 7 phường La Khê","1982-10-29","valid"
"000000458","00000000971","Số 459 tổ dân phố 7 phường La Khê","1979-12-02","valid"
"000000459","00000000974","Số 460 tổ dân phố 7 phường La Khê","2019-03-17","valid"
"000000460","00000000978","Số 461 tổ dân phố 7 phường La Khê","2020-04-19","valid"
"000000461","00000000981","Số 462 tổ dân phố 7 phường La Khê","2004-12-12","valid"
"000000462","00000000984","Số 463 tổ dân phố 7 phường La Khê","1997-02-13","valid"
"000000463","00000000986","Số 464 tổ dân phố 7 phường La Khê","2018-01-06","valid"
"000000464","00000000987","Số 465 tổ dân phố 7 phường La Khê","1984-07-28","valid"
"000000465","00000000988","Số 466 tổ dân phố 7 phường La Khê","1977-05-07","valid"
"000000466","00000000989","Số 467 tổ dân phố 7 phường La Khê","2012-12-13","valid"
"000000467","00000000992","Số 468 tổ dân phố 7 phường La Khê","2021-01-15","valid"
"000000468","00000000994","Số 469 tổ dân phố 7 phường La Khê","1996-01-25","valid"
"000000469","00000000997","Số 470 tổ dân phố 7 phường La Khê","2024-11-05","valid"
"000000470","00000001000","Số 471 tổ dân phố 7 phường La Khê","1989-12-17","valid"
"000000471","00000001002","Số 472 tổ dân phố 7 phường La Khê","2003-03-17","valid"
"000000472","00000001005","Số 473 tổ dân phố 7 phường La Khê","2022-09-08","valid"
"000000473","00000001008","Số 474 tổ dân phố 7 phường La Khê","2011-07-04","valid"
"000000474","00000001011","Số 475 tổ dân phố 7 phường La Khê","1975-03-10","valid"
"000000475","00000001014","Số 476 tổ dân phố 7 phường La Khê","2024-07-28","valid"
"000000476","00000001016","Số 477 tổ dân phố 7 phường La Khê","2003-04-21","valid"
"000000477","00000001018","Số 478 tổ dân phố 7 phường La Khê","2011-07-17","valid"
"000000478","00000001020","Số 479 tổ dân phố 7 phường La Khê","2000-09-20","valid"
"000000479","00000001022","Số 480 tổ dân phố 7 phường La Khê","2004-04-09","valid"
